name,AAV,PTS,I_F_xGoals,Age,Predicted_AAV,Difference
Michael Bunting,4500000.0,9,25.19,29.0,5026124.431818179,526124.4318181789
Ilya Lyubushkin,3250000.0,14,2.33,30.0,3514803.989580052,264803.989580052
Carson Soucy,3250000.0,10,3.13,30.0,3259195.8549535777,9195.854953577742
Nolan Foote,775000.0,1,0.51,24.0,795590.7398878329,20590.739887832897
Ivan Barbashev,5000000.0,51,18.33,29.0,5407943.45593538,407943.4559353804
Egor Zamula,1700000.0,15,1.52,24.0,2925431.8086440098,1225431.8086440098
Leo Carlsson,950000.0,45,17.18,20.0,1069415.7027301036,119415.70273010363
Brett Howden,2500000.0,40,19.84,26.0,3293611.21507582,793611.2150758202
Adam Henrique,3000000.0,27,12.78,34.0,3754986.1836192105,754986.1836192105
Steven Lorentz,1350000.0,19,8.42,28.0,1782944.673817807,432944.6738178071
Zack MacEwen,775000.0,3,1.91,28.0,821350.5345552515,46350.53455525148
Cam Atkinson,900000.0,9,3.93,35.0,1861312.1838820882,961312.1838820882
Ryan Poehling,1900000.0,31,9.86,26.0,3769473.250374613,1869473.2503746129
Ian Cole,2800000.0,17,5.22,35.0,3844569.308463846,1044569.3084638459
Barclay Goodrow,3641667.0,8,8.9,31.0,2680948.2728807335,-960718.7271192665
Adam Pelech,5750000.0,21,5.15,30.0,5000565.315067723,-749434.6849322766
Albert Johansson,1125000.0,9,1.82,24.0,1427474.8461897906,302474.84618979064
Chad Ruhwedel,775000.0,1,0.07,34.0,1253489.5019183883,478489.5019183883
Jake McCabe,4491898.0,23,2.98,31.0,4455564.812523212,-36333.187476787716
Mathieu Olivier,3000000.0,32,13.35,27.0,3887706.1974582993,887706.1974582993
Danton Heinen,2250000.0,18,11.1,29.0,2155364.5477368585,-94635.45226314152
Erik Gudbranson,4000000.0,4,0.32,33.0,2455274.792817587,-1544725.207182413
Mason Marchment,4500000.0,47,19.18,29.0,4942374.69731517,442374.69731517043
Sonny Milano,1900000.0,0,0.38,28.0,792633.2532542115,-1107366.7467457885
Sean Durzi,6000000.0,11,3.41,26.0,4250327.938805854,-1749672.061194146
Zach Werenski,9583333.0,82,19.45,27.0,8050250.604882213,-1533082.3951177867
Brendan Brisson,775000.0,0,0.55,23.0,802245.8626844027,27245.86268440273
Anthony Duclair,3500000.0,11,6.61,29.0,2736322.783320385,-763677.216679615
Scott Laughton,3000000.0,27,17.85,30.0,3495423.7246819246,495423.72468192456
Christian Dvorak,5400000.0,33,15.97,28.0,4514924.788398056,-885075.2116019437
Nick Foligno,4500000.0,35,16.26,37.0,3338290.9672879474,-1161709.0327120526
Owen Power,8350000.0,40,7.71,22.0,5259140.497182354,-3090859.5028176457
Dylan Holloway,2290457.0,63,20.34,23.0,4049982.6016698494,1759525.6016698494
Roman Josi,9059000.0,38,13.44,34.0,6404990.284387309,-2654009.715612691
Gage Goncalves,1200000.0,20,7.77,24.0,1718262.9152751563,518262.91527515627
Luke Hughes,1850000.0,44,7.92,21.0,1603216.8859910197,-246783.11400898034
Tyler Tucker,925000.0,7,1.15,24.0,922595.055822622,-2404.944177377969
Connor Brown,3000000.0,30,15.01,31.0,4004868.0228257407,1004868.0228257407
Michael Kesselring,1400000.0,29,6.8,25.0,3210480.754684391,1810480.754684391
Frank Vatrano,4571189.0,45,28.9,30.0,5477024.63260876,905835.6326087601
Jakub Vrana,775000.0,3,4.99,28.0,1013202.0723684714,238202.07236847142
Brock Faber,8500000.0,29,6.39,22.0,6289214.477632517,-2210785.522367483
Kirill Kaprizov,9000000.0,56,20.38,27.0,7586534.437974504,-1413465.5620254958
Drew Helleson,1100000.0,13,2.37,23.0,1367846.143264421,267846.143264421
Sean Couturier,7750000.0,45,20.57,32.0,4834630.693596275,-2915369.3064037254
Anze Kopitar,7000000.0,67,15.44,37.0,7219109.560200467,219109.56020046677
Jamie Drysdale,2300000.0,20,3.58,22.0,3005261.469984892,705261.4699848918
Shayne Gostisbehere,3200000.0,45,9.39,31.0,4959805.868222608,1759805.8682226082
Simon Nemec,918333.0,4,1.25,20.0,1237994.4920836308,319661.49208363076
Tristan Luneau,865000.0,0,0.21,21.0,875534.3290541886,10534.329054188565
T.J. Tynan,775000.0,1,0.29,32.0,945152.479341268,170152.47934126796
Jackson LaCombe,925000.0,43,10.27,24.0,3574381.359237703,2649381.359237703
Simon Holmstrom,3625000.0,45,14.72,23.0,3791162.6151028126,166162.61510281265
Aatu Raty,775000.0,11,3.7,22.0,1359517.976267066,584517.9762670661
Helge Grans,787500.0,1,0.33,22.0,830877.0509911093,43377.05099110934
Mikael Granlund,7000000.0,21,18.6,32.0,5897055.6843276145,-1102944.3156723855
Ryan Reaves,1350000.0,2,1.51,38.0,1651942.2702387604,301942.2702387604
Brendan Gallagher,6500000.0,38,24.94,32.0,5277882.687225213,-1222117.3127747867
Nikolai Kovalenko,925000.0,8,6.22,25.0,1129989.768560625,204989.7685606249
Samuel Girard,5000000.0,24,3.88,26.0,5245133.628847918,245133.62884791754
Kevin Labanc,775000.0,12,2.54,29.0,1610380.081574472,835380.0815744719
Tyler Johnson,775000.0,2,0.36,34.0,1340593.3485312343,565593.3485312343
Owen Tippett,6200000.0,43,15.91,25.0,4901747.767158251,-1298252.2328417487
Vladislav Kolyachonok,775000.0,5,1.14,23.0,833715.5594589001,58715.55945890013
Simon Edvinsson,894167.0,31,5.89,21.0,1920223.9728897905,1026056.9728897905
Leon Draisaitl,14000000.0,106,31.42,29.0,10716744.737640688,-3283255.262359312
Alex Pietrangelo,8800000.0,33,7.33,35.0,6605036.0843654405,-2194963.9156345595
Victor Olofsson,1575000.0,29,11.78,29.0,5009357.84604555,3434357.84604555
Grant Hutton,775000.0,2,0.45,29.0,809555.730691334,34555.730691334
Brayden Schenn,6500000.0,50,22.33,33.0,6138138.34558906,-361861.65441093966
Declan Carlile,775000.0,1,0.13,24.0,797675.4015992593,22675.40159925935
Marc-Edouard Vlasic,7000000.0,3,0.69,37.0,4499514.542138972,-2500485.4578610277
Joe Veleno,900000.0,7,8.24,25.0,1737341.0593395114,837341.0593395114
Kailer Yamamoto,775000.0,3,3.09,26.0,929799.3894410555,154799.38944105548
Bokondji Imama,775000.0,1,0.35,28.0,811656.6419474764,36656.641947476426
J.J. Moser,3375000.0,14,2.61,24.0,2310853.539166511,-1064146.460833489
Jett Luchanko,942500.0,0,1.04,18.0,904064.8118028983,-38435.1881971017
Matthew Wood,950000.0,1,1.08,19.0,913280.7288681561,-36719.27113184391
Ryan Greene,950000.0,0,0.29,21.0,873072.4808711672,-76927.51912883285
Trevor Zegras,5750000.0,32,11.63,23.0,4257997.892730414,-1492002.107269586
Kris Letang,6100000.0,30,9.1,37.0,5297378.773360488,-802621.226639512
Luke Evangelista,925000.0,32,13.98,22.0,3666472.7591397907,2741472.7591397907
Maxwell Crozier,775000.0,0,0.4,24.0,797813.1737203738,22813.173720373772
Luca Cagnoni,895000.0,2,0.5,20.0,924043.4025615809,29043.40256158088
Ivan Ivan,845000.0,8,5.48,22.0,992803.6103170816,147803.61031708156
Anthony Cirelli,6250000.0,59,28.34,27.0,6770123.932988578,520123.93298857845
Cole Schwindt,825000.0,8,4.67,23.0,1021706.6771780994,196706.6771780994
Evgenii Dadonov,1000000.0,40,18.84,35.0,2869726.2678290415,1869726.2678290415
Matias Maccelli,3425000.0,18,8.77,24.0,3769915.695889696,344915.695889696
Riley Duran,867500.0,0,0.12,23.0,809791.5770943182,-57708.42290568177
Denton Mateychuk,886667.0,13,2.25,20.0,1571372.7352547809,684705.7352547809
Alex Newhook,2900000.0,26,17.93,24.0,3328216.6252257866,428216.6252257866
Parker Ford,812500.0,1,0.19,24.0,796147.093243253,-16352.906756747048
Luke Schenn,2750000.0,2,4.08,35.0,2294545.9070470557,-455454.09295294434
Ben Hutton,975000.0,2,0.39,31.0,983248.1239155023,8248.123915502336
Joel Hanley,1750000.0,9,1.82,33.0,2265157.242567284,515157.24256728403
K'Andre Miller,7500000.0,27,5.77,25.0,5469410.00369328,-2030589.9963067202
Andrew Peeke,2750000.0,17,3.34,26.0,4173810.288473521,1423810.288473521
Kaedan Korczak,825000.0,10,1.0,24.0,971032.8109163988,146032.81091639877
Samuel Honzek,886667.0,0,1.28,20.0,901011.7379862553,14344.73798625532
Jason Dickinson,4250000.0,16,8.18,29.0,2955283.406270982,-1294716.5937290178
Jake Walman,3400000.0,8,9.76,28.0,3367215.3806767957,-32784.61932320427
Aleksander Barkov,10000000.0,71,21.84,29.0,9071864.851389818,-928135.1486101821
Rory Kerins,775000.0,4,0.34,22.0,831923.1122274575,56923.11222745746
Wyatt Aamodt,775000.0,1,0.13,27.0,812301.7331459193,37301.73314591928
Dennis Gilbert,875000.0,1,0.35,28.0,799615.5220277387,-75384.47797226126
Alex Vlasic,4600000.0,30,3.7,23.0,4618211.819702908,18211.819702908397
Justin Barron,1150000.0,12,3.82,23.0,1413884.8772556183,263884.87725561834
Jake Sanderson,8050000.0,57,9.3,22.0,6540971.144272825,-1509028.8557271753
Michael Rasmussen,3200000.0,21,16.97,25.0,2873128.2193682925,-326871.7806317075
John Klingberg,4000000.0,4,0.88,32.0,1616884.5964097255,-2383115.4035902745
John Hayden,775000.0,2,3.05,29.0,956807.576021577,181807.576021577
Zemgus Girgensons,850000.0,6,8.92,31.0,1657691.4089479535,807691.4089479535
Cole Sillinger,2250000.0,33,13.49,21.0,1944806.7592548667,-305193.24074513325
Nick Jensen,4050000.0,21,3.26,34.0,3991911.972876261,-58088.02712373901
Charlie McAvoy,9500000.0,23,5.77,27.0,7154053.406243038,-2345946.5937569616
Jansen Harkins,787500.0,6,4.45,27.0,1451024.804786692,663524.8047866919
Kevin Bahl,5350000.0,20,3.39,24.0,4778776.627407181,-571223.3725928189
Cale Fleury,890000.0,1,0.61,26.0,1114659.2301029428,224659.2301029428
Tyson Kozak,750000.0,5,3.84,22.0,880695.4233364643,130695.42333646433
David Pastrnak,11250000.0,106,30.39,28.0,9657976.108387183,-1592023.8916128166
Valtteri Puustinen,775000.0,3,1.83,25.0,800257.6469594185,25257.646959418547
Ryan Pulock,6150000.0,23,4.41,30.0,5183446.429066596,-966553.5709334044
Spencer Stastney,825000.0,3,1.02,25.0,827978.4519994662,2978.4519994661678
Nick Paul,3150000.0,41,18.84,29.0,4090597.2231102963,940597.2231102963
Quinn Hutson,875000.0,0,0.05,23.0,819452.58330565,-55547.41669434996
Adam Fantilli,950000.0,54,18.59,20.0,1301607.6477063498,351607.64770634985
Jonas Brodin,6000000.0,20,2.23,31.0,5266715.4700259,-733284.5299741002
Parker Kelly,825000.0,19,10.18,25.0,1442713.4412432588,617713.4412432588
Jeffrey Viel,775000.0,0,0.92,28.0,800703.981741713,25703.98174171301
Maxim Tsyplakov,2250000.0,35,16.3,26.0,3378745.9905257504,1128745.9905257504
Philip Broberg,4580917.0,29,4.87,23.0,4654400.742674803,73483.74267480336
Akil Thomas,775000.0,3,2.69,25.0,827904.9395437043,52904.93954370427
Jaret Anderson-Dolan,775000.0,1,0.62,25.0,799746.7922162137,24746.792216213653
Colin Blackwell,775000.0,17,6.69,31.0,1368158.8533761085,593158.8533761085
Daniil Miromanov,1250000.0,9,1.97,27.0,1896256.9680187723,646256.9680187723
Logan Mailloux,875000.0,4,0.79,21.0,878063.2746277243,3063.274627724313
Vincent Desharnais,2000000.0,3,0.99,28.0,1714142.2981406236,-285857.7018593764
Nikolaj Ehlers,8500000.0,63,19.82,28.0,7406933.682997303,-1093066.317002697
Evan Rodrigues,3000000.0,32,17.13,31.0,3433112.1198034342,433112.11980343424
Trent Frederic,3850000.0,0,9.71,26.0,3067484.7007146287,-782515.2992853713
Matthew Robertson,775000.0,0,0.1,23.0,803075.6654588534,28075.665458853357
Jake Guentzel,9000000.0,80,34.75,30.0,8755611.761372399,-244388.23862760141
Tyler Kleven,1600000.0,10,2.82,23.0,1853709.3460772764,253709.3460772764
Dennis Cholowski,775000.0,0,1.02,26.0,860146.9033013753,85146.90330137534
Sean Monahan,5500000.0,57,18.81,30.0,6039767.389667791,539767.3896677913
Jakob Pelletier,775000.0,11,6.83,23.0,1377066.1187188653,602066.1187188653
Jack Eichel,10000000.0,94,26.32,28.0,9052559.173240548,-947440.826759452
Pavel Mintyukov,918333.0,19,5.76,21.0,1905489.1600626549,987156.1600626549
Oliver Kylington,1050000.0,4,0.41,27.0,980860.712844477,-69139.28715552296
Shane Pinto,3750000.0,37,24.53,24.0,3960869.9628092973,210869.96280929726
Evgeni Malkin,6100000.0,50,18.81,38.0,5298795.860777837,-801204.1392221628
Andrew Poturalski,800000.0,1,0.3,31.0,907212.3941911273,107212.39419112727
Jason Robertson,7750000.0,80,23.29,25.0,7782426.505007683,32426.5050076833
Steven Stamkos,8000000.0,53,22.66,34.0,6988592.432457097,-1011407.5675429031
Jacob Bernard-Docker,875000.0,4,1.11,24.0,852968.7480966714,-22031.25190332858
Taylor Ward,775000.0,1,0.72,26.0,794755.9983280449,19755.998328044894
Brandt Clarke,863333.0,33,6.69,21.0,1685142.8703069147,821809.8703069147
Dakota Mermis,812500.0,0,0.42,31.0,1006549.3110135801,194049.31101358007
Chandler Stephenson,6250000.0,51,8.49,30.0,6010056.989873397,-239943.01012660284
Connor Mackey,775000.0,0,0.02,28.0,793068.4845200944,18068.484520094353
Nikita Kucherov,9500000.0,121,27.03,31.0,9802494.330620605,302494.3306206055
Victor Mancini,870000.0,3,1.39,22.0,852115.8034047054,-17884.196595294634
Ross Colton,4000000.0,29,18.24,28.0,3816513.3949256926,-183486.60507430742
Seth Jones,9500000.0,27,8.29,30.0,7109621.030150694,-2390378.969849306
Dmitry Kulikov,1150000.0,13,3.04,34.0,2058608.3198201752,908608.3198201752
Artyom Levshunov,975000.0,6,0.84,19.0,919015.1928945092,-55984.80710549082
Justin Sourdif,825000.0,1,0.22,22.0,837860.6024711531,12860.602471153135
Jesperi Kotkaniemi,4820000.0,33,14.01,24.0,3453664.7494055456,-1366335.2505944544
Mike Matheson,4875000.0,31,9.14,30.0,5195586.917052952,320586.91705295164
Joel Edmundson,3850000.0,20,4.07,31.0,4323029.543885588,473029.5438855877
Hampus Lindholm,6500000.0,7,2.02,31.0,4038665.6392135173,-2461334.3607864827
Tony DeAngelo,1750000.0,19,3.28,29.0,3152006.520732198,1402006.520732198
Marc Gatcomb,900000.0,9,4.6,25.0,986117.308549171,86117.30854917096
Ben Chiarot,4750000.0,13,4.21,33.0,3227859.3518879865,-1522140.6481120135
Clayton Keller,7150000.0,90,29.87,26.0,8251795.877586603,1101795.8775866032
Joshua Roy,835000.0,2,2.24,21.0,934064.995864975,99064.99586497503
Mark Scheifele,8500000.0,87,28.83,31.0,8375825.10411669,-124174.89588330965
Nick Cousins,825000.0,15,7.67,31.0,1554664.8446714145,729664.8446714145
Jordan Spence,1500000.0,28,3.76,23.0,3105843.1424711025,1605843.1424711025
Noah Juulsen,900000.0,0,0.93,27.0,1290295.7152011641,390295.71520116413
Seth Jarvis,7420087.0,67,30.81,22.0,6892180.275969969,-527906.7240300309
Mario Ferraro,3250000.0,17,4.28,26.0,3577922.175143835,327922.17514383513
Thomas Bordeleau,775000.0,0,0.02,23.0,818776.0838009762,43776.083800976165
Evan Bouchard,10500000.0,67,13.04,25.0,9360617.033482753,-1139382.9665172473
Matt Kiersted,775000.0,1,0.01,26.0,793099.319599233,18099.319599232986
Emil Heineman,1100000.0,18,7.83,23.0,1257401.2092143702,157401.20921437023
Auston Matthews,13250000.0,78,41.05,27.0,11037535.152722249,-2212464.847277751
Jan Rutta,2750000.0,9,1.94,34.0,2498303.6789449574,-251696.32105504256
Jonas Siegenthaler,3400000.0,9,2.52,27.0,2986859.452306503,-413140.54769349704
Dominik Shine,775000.0,1,0.48,31.0,806786.5630641115,31786.563064111513
Jimmy Vesey,800000.0,2,3.48,31.0,1085662.332404725,285662.332404725
Chris Tanev,4500000.0,18,1.66,35.0,5235515.29865443,735515.2986544296
Tye Felhaber,775000.0,0,0.07,26.0,793819.9619358535,18819.96193585347
J.T. Compher,5100000.0,32,15.58,29.0,4279609.182530715,-820390.8174692849
Pierre-Luc Dubois,8500000.0,66,22.91,26.0,7967672.757376463,-532327.2426235368
Peyton Krebs,1450000.0,28,10.46,24.0,2557125.135833365,1107125.135833365
Matthew Kessel,800000.0,3,0.67,24.0,836087.7925972678,36087.79259726778
Erik Haula,3150000.0,21,14.02,33.0,2723096.1486275494,-426903.8513724506
Rasmus Asplund,775000.0,0,0.2,27.0,793709.7944076546,18709.794407654554
Nick Blankenburg,775000.0,16,6.63,26.0,1858976.1126328632,1083976.1126328632
Marco Rossi,5000000.0,60,21.24,23.0,4428958.701549526,-571041.2984504737
Niko Mikkola,2500000.0,22,5.74,28.0,3990272.1799660795,1490272.1799660795
Victor Hedman,8000000.0,66,12.17,34.0,7784151.003472022,-215848.99652797822
Mikko Rantanen,12000000.0,18,36.26,28.0,8609218.918598125,-3390781.0814018752
Blake Lizotte,1850000.0,20,7.19,27.0,1854451.572786144,4451.572786143981
Brock McGinn,2750000.0,8,4.56,30.0,2655388.193855479,-94611.8061445211
Radko Gudas,4000000.0,16,3.41,34.0,3787442.76056221,-212557.23943779012
Alexander Wennberg,5000000.0,35,12.73,30.0,5907524.690390631,907524.6903906306
Ivan Demidov,940833.0,2,0.6,19.0,902336.675448185,-38496.32455181505
Rickard Rakell,5000000.0,70,31.72,31.0,6376284.29162811,1376284.2916281102
Marcus Foligno,4000000.0,29,17.86,33.0,3839298.8211141694,-160701.17888583057
Josh Doan,925000.0,19,14.28,22.0,1843961.4339728728,918961.4339728728
Olle Lycksell,775000.0,5,1.65,25.0,800433.7787083277,25433.778708327678
Jonathan Drouin,4000000.0,37,7.23,29.0,4947642.028233088,947642.0282330876
Vasily Podkolzin,1000000.0,24,14.3,23.0,2581508.436545361,1581508.4365453608
Joel Farabee,5000000.0,6,21.49,24.0,4293046.984336218,-706953.0156637821
Nick Suzuki,7875000.0,89,19.51,25.0,7829412.576825524,-45587.42317447625
Alex Ovechkin,9500000.0,73,31.07,39.0,8532618.643692892,-967381.356307108
Lucas Carlsson,800000.0,4,0.8,27.0,853329.9513723016,53329.951372301555
Sidney Crosby,8700000.0,91,30.2,37.0,8349695.053597922,-350304.94640207756
Michael McCarron,900000.0,14,10.6,29.0,1728251.2671605062,828251.2671605062
Tanner Jeannot,3400000.0,13,8.76,27.0,2586836.756093114,-813163.2439068859
Brayden McNabb,3650000.0,20,3.73,34.0,3923813.7502778186,273813.75027781865
Clark Bishop,775000.0,1,0.22,28.0,792309.2911381376,17309.291138137574
Kyle MacLean,775000.0,11,5.65,25.0,1147726.484917688,372726.48491768795
Kevin Fiala,7875000.0,60,28.48,28.0,7789788.337744466,-85211.66225553397
Alexandre Texier,2100000.0,11,3.79,25.0,1757355.6624691295,-342644.33753087046
Joona Koppanen,775000.0,1,0.59,26.0,800143.5551429328,25143.555142932804
Jack McBain,4250000.0,27,12.3,25.0,3100852.294163165,-1149147.7058368349
Alexander Romanov,6250000.0,20,3.82,25.0,5027201.953851241,-1222798.0461487593
Karsen Dorwart,975000.0,0,0.24,22.0,845366.3233258497,-129633.67667415028
Noah Cates,4000000.0,37,18.15,25.0,3860483.8555150223,-139516.1444849777
Nicolas Aube-Kubel,775000.0,0,2.54,28.0,883949.0416499657,108949.04164996569
Colton Sissons,2857143.0,21,10.86,31.0,2478235.340418,-378907.6595820002
Tomas Nosek,775000.0,9,7.55,32.0,1354216.689563447,579216.6895634469
Tyler Myers,3000000.0,24,4.9,34.0,3901616.634663179,901616.634663179
Jack Williams,923750.0,0,0.01,,818391.4919456737,-105358.50805432629
Erik Karlsson,11500000.0,53,9.13,34.0,9150122.512713501,-2349877.487286499
Tyson Jost,775000.0,9,4.21,26.0,1428183.4782154527,653183.4782154527
John Beecher,900000.0,11,7.4,23.0,1269162.0525061234,369162.05250612344
Dylan Larkin,8700000.0,70,33.97,28.0,7976748.342524536,-723251.657475464
Cam Fowler,6500000.0,36,5.12,33.0,5634429.044369533,-865570.9556304673
Patrik Laine,8700000.0,33,11.86,26.0,6047371.970068801,-2652628.029931199
Matthew Knies,7750000.0,58,27.2,22.0,4075928.4285553857,-3674071.5714446143
Hayden Hodgson,775000.0,0,0.29,28.0,793152.5756278534,18152.575627853395
Patrick Giles,775000.0,1,1.4,25.0,798709.3284042228,23709.328404222848
Alexander Alexeyev,775000.0,0,0.16,25.0,871942.5847767676,96942.58477676765
Artemi Panarin,11642857.0,89,25.37,33.0,10607584.200901788,-1035272.7990982123
Warren Foegele,3500000.0,46,26.1,28.0,4739376.094440661,1239376.0944406614
Marcus Pettersson,5500000.0,11,3.68,28.0,4453859.569822036,-1046140.4301779643
Adrian Kempe,5500000.0,73,29.58,28.0,6656385.134746658,1156385.1347466577
MacKenzie Weegar,6250000.0,47,11.44,31.0,7113857.724306055,863857.7243060553
Jani Nyman,891667.0,6,2.72,20.0,905620.7008711477,13953.700871147681
Travis Konecny,8750000.0,76,24.74,27.0,7924418.242331484,-825581.7576685157
Colton Dach,825000.0,7,3.76,22.0,999369.4791906434,174369.4791906434
David Perron,4000000.0,16,9.8,36.0,3909124.2054519234,-90875.79454807658
Justin Robidas,825000.0,2,0.21,21.0,859526.0296576187,34526.029657618725
Dylan Strome,5000000.0,82,20.86,27.0,6835548.361640407,1835548.3616404068
Jacob Quillan,875000.0,0,0.0,22.0,834921.898422411,-40078.101577589056
Josh Morrissey,6250000.0,62,9.89,29.0,7735148.859498117,1485148.8594981171
Brian Halonen,775000.0,0,0.2,26.0,793392.6166337511,18392.61663375108
Matt Benning,1250000.0,0,0.34,30.0,1032318.5940608173,-217681.40593918273
Mackie Samoskevich,775000.0,31,17.37,22.0,2043507.9204345313,1268507.9204345313
Filip Hronek,7250000.0,33,4.28,27.0,6677579.720040807,-572420.2799591934
Dmitry Orlov,6500000.0,28,6.7,33.0,4782766.418767927,-1717233.5812320728
Ian Moore,925000.0,1,0.13,23.0,805939.246220238,-119060.75377976196
Marat Khusnutdinov,925000.0,7,4.48,22.0,1076386.7340044444,151386.73400444444
Devon Toews,7250000.0,44,8.27,30.0,7101479.58638309,-148520.41361690965
Shakir Mukhamadullin,1000000.0,9,1.77,23.0,1050524.8835095041,50524.88350950414
Brandon Tanev,2500000.0,5,13.19,33.0,2349493.888792078,-150506.111207922
Parker Wotherspoon,1000000.0,7,1.68,27.0,1146559.893394734,146559.893394734
Juha Jaaska,775000.0,4,2.01,26.0,923337.4926012104,148337.49260121037
Ryan Winterton,828333.0,1,0.8,21.0,866654.4965025559,38321.49650255591
Patrick Brown,775000.0,1,1.04,32.0,923533.0367976786,148533.03679767856
Ville Ottavainen,867500.0,1,0.02,22.0,826093.4067968866,-41406.593203113414
Donovan Sebrango,775000.0,0,0.0,23.0,821845.1202234114,46845.12022341136
Tim Washe,812500.0,0,0.52,23.0,804691.17525954,-7808.824740460026
Calle Jarnkrok,2100000.0,7,1.99,33.0,2361543.0747560374,261543.07475603744
Nils Hoglander,3000000.0,25,11.13,24.0,2574228.904796885,-425771.09520311514
Timo Meier,8800000.0,53,29.98,28.0,7805821.746895615,-994178.253104385
Michael Sgarbossa,775000.0,2,0.11,32.0,1040282.1332464232,265282.1332464232
Nate Schmidt,3500000.0,19,3.96,33.0,3233675.645836184,-266324.3541638162
Kyle Burroughs,1100000.0,3,0.18,29.0,946827.231533268,-153172.768466732
Ben Meyers,775000.0,0,0.43,26.0,792010.6103820637,17010.610382063664
Bryan Rust,5125000.0,65,27.94,32.0,6132039.253981147,1007039.253981147
Lucas Raymond,8075000.0,80,24.67,22.0,6987553.717744674,-1087446.2822553264
Ville Koivunen,805833.0,7,1.96,21.0,1220948.42280436,415115.42280436005
Nick Leddy,4000000.0,5,0.65,33.0,3331675.020629059,-668324.979370941
Dylan Samberg,5750000.0,20,3.17,26.0,5223574.817669972,-526425.1823300282
Chris Wagner,775000.0,1,2.66,33.0,1075428.4592315143,300428.45923151425
Darren Raddysh,975000.0,37,5.55,28.0,5038061.816951024,4063061.8169510243
Justin Holl,3400000.0,8,1.7,33.0,1917886.9826330082,-1482113.0173669918
Raphael Lavoie,775000.0,0,1.73,24.0,801041.454542671,26041.45454267098
Fabian Lysell,863333.0,3,2.1,22.0,1012118.9952654202,148785.99526542018
Wyatt Kaiser,1700000.0,8,2.07,22.0,1812966.7576475646,112966.75764756463
Phillip Di Giuseppe,775000.0,6,1.88,31.0,893389.685722176,118389.68572217599
Adam Lowry,3250000.0,34,17.19,31.0,3400034.839485343,150034.83948534308
Andrew Mangiapane,3600000.0,28,14.43,28.0,3696050.88158759,96050.88158759009
Calvin de Haan,800000.0,7,1.77,33.0,1681161.3990806094,881161.3990806094
Nikita Prishchepov,806667.0,0,0.22,20.0,904942.4031747511,98275.40317475109
Teuvo Teravainen,5400000.0,58,11.23,30.0,5425155.052477267,25155.05247726664
Craig Smith,1000000.0,16,7.79,35.0,2446455.0080640395,1446455.0080640395
Hunter Brzustewicz,950000.0,0,0.03,20.0,906874.6851342124,-43125.31486578763
J.T. Miller,8000000.0,35,21.36,31.0,5853426.7265965715,-2146573.2734034285
Mike Hardman,775000.0,1,0.2,25.0,793357.0129411311,18357.012941131135
Travis Dermott,775000.0,0,0.25,28.0,903748.5629201053,128748.5629201053
Mark Friedman,775000.0,0,0.11,29.0,819146.5400193423,44146.54001934233
Eeli Tolvanen,3475000.0,35,16.07,25.0,3584382.767505179,109382.76750517916
John Marino,4400000.0,14,1.79,27.0,4222825.360789929,-177174.63921007141
David Kampf,2400000.0,13,5.81,30.0,2084581.7271793308,-315418.2728206692
Morgan Barron,1850000.0,15,12.25,26.0,1878131.6744769565,28131.674476956483
Jeff Malott,775000.0,1,0.96,28.0,810686.0441238949,35686.044123894884
Anders Lee,7000000.0,54,34.76,34.0,6803754.793263289,-196245.20673671085
Jake Neighbours,3750000.0,46,19.21,22.0,3724783.3518414535,-25216.648158546537
Erik Gustafsson,2000000.0,18,3.41,32.0,2564111.4060566393,564111.4060566393
Ty Mueller,870000.0,0,0.23,21.0,875551.3716954036,5551.371695403592
Michael Pezzetta,812500.0,0,1.82,26.0,814805.2979387112,2305.2979387112428
Robert Hagg,775000.0,0,0.0,29.0,794282.0245074556,19282.024507455644
Casey Mittelstadt,5750000.0,34,14.29,26.0,5304948.015788459,-445051.9842115408
Carter Mazur,905833.0,0,0.0,22.0,847180.7961764091,-58652.203823590884
Adam Ginning,787500.0,0,0.0,25.0,795087.449297944,7587.449297943967
Ryan Suzuki,775000.0,0,0.01,23.0,805041.1652486783,30041.1652486783
Brendan Gaunce,775000.0,1,1.03,30.0,1670598.1673264448,895598.1673264448
Tye Kartye,1250000.0,13,5.52,23.0,1293235.0121282958,43235.01212829584
Nino Niederreiter,4000000.0,37,22.39,32.0,4280382.21155752,280382.2115575196
Mathieu Joseph,2950000.0,14,7.79,27.0,2254200.872497598,-695799.1275024018
Alex Tuch,4750000.0,67,31.87,28.0,7478871.778936143,2728871.778936143
Nicolas Roy,3000000.0,31,15.49,27.0,3952091.405009007,952091.4050090071
Josh Anderson,5500000.0,27,17.17,30.0,3716358.607670886,-1783641.392329114
Joey Anderson,800000.0,1,1.69,26.0,824974.0923536342,24974.092353634187
Trevor Lewis,800000.0,12,5.7,38.0,2531391.415897151,1731391.415897151
Bobby McMann,1350000.0,34,17.04,28.0,3657779.0060863327,2307779.0060863327
Matty Beniers,7142857.0,43,17.68,22.0,5711845.468859095,-1431011.5311409049
Arttu Hyry,870000.0,1,0.15,23.0,805895.831775875,-64104.16822412505
Morgan Rielly,7500000.0,41,5.48,30.0,6976773.394234625,-523226.6057653753
Jake Middleton,4350000.0,21,4.97,29.0,4817912.786914346,467912.7869143458
Morgan Geekie,5500000.0,57,20.44,26.0,6013639.5413559405,513639.5413559405
Dakota Joshua,3250000.0,14,10.74,28.0,2507190.973868183,-742809.0261318171
Sam Lafferty,2000000.0,7,4.5,29.0,1618419.722249842,-381580.277750158
Jalen Chatfield,3000000.0,18,4.56,28.0,2676812.997418316,-323187.0025816839
Mitchell Stephens,775000.0,3,2.02,27.0,962060.437890681,187060.43789068097
Patrick Kane,3000000.0,59,18.94,36.0,4407247.682269685,1407247.682269685
John Tavares,4380000.0,74,32.37,34.0,6259097.424315672,1879097.4243156724
Tom Wilson,6500000.0,65,28.96,30.0,7013082.762846961,513082.7628469607
Jamie Oleksiak,4600000.0,17,3.87,32.0,4206448.637446517,-393551.3625534829
Jordan Kyrou,8125000.0,70,25.44,26.0,7694758.139533267,-430241.86046673264
James van Riemsdyk,1000000.0,36,13.45,35.0,2864608.4138343036,1864608.4138343036
Derek Forbort,2000000.0,11,1.39,32.0,2277560.1342531256,277560.13425312564
Jordan Staal,2900000.0,36,14.83,36.0,2996501.73003823,96501.73003822984
Gabriel Vilardi,7500000.0,61,21.67,25.0,6937882.938973206,-562117.0610267939
A.J. Greer,850000.0,17,11.18,28.0,2440514.350091249,1590514.3500912492
Lane Hutson,950000.0,66,6.3,20.0,1994222.7113447937,1044222.7113447937
Jesse Puljujarvi,775000.0,9,5.09,26.0,1182896.1342479242,407896.1342479242
Ozzy Wiesblatt,775000.0,1,0.39,22.0,833004.9878349799,58004.9878349799
Mark Stone,9500000.0,67,19.64,32.0,7817884.825321232,-1682115.174678768
Conor Geekie,886667.0,14,7.21,20.0,1078028.0234422681,191361.02344226814
Jere Innala,950000.0,0,1.62,26.0,810080.4817500762,-139919.51824992383
Daniil Misyul,925000.0,0,0.0,24.0,801179.9696628484,-123820.0303371516
Rasmus Ristolainen,5100000.0,19,5.48,30.0,4362848.8428309765,-737151.1571690235
Justin Danforth,1800000.0,21,13.12,31.0,2072476.5407769205,272476.5407769205
Mathew Dumba,3750000.0,10,3.38,30.0,3161305.7285457086,-588694.2714542914
Ryan Suter,775000.0,15,3.13,40.0,4180559.4524400965,3405559.4524400965
Damon Severson,6250000.0,25,7.83,30.0,5768609.236039921,-481390.7639600793
Zach Benson,950000.0,28,17.59,19.0,1020666.3389053032,70666.33890530316
Michael Eyssimont,1450000.0,6,14.47,28.0,2115033.245456839,665033.245456839
Martin Necas,6500000.0,28,23.09,26.0,6953770.558722465,453770.5587224653
Ty Dellandrea,1300000.0,8,7.66,24.0,1440913.1759647324,140913.17596473242
Jeremy Lauzon,2000000.0,1,0.99,27.0,1506454.3746081674,-493545.62539183255
Scott Perunovich,775000.0,6,0.75,26.0,847173.2859386833,72173.28593868332
Stefan Noesen,2750000.0,41,28.52,31.0,3901812.6920242147,1151812.6920242147
Logan Cooley,950000.0,65,20.19,20.0,1280178.926757937,330178.92675793706
Samuel Helenius,805833.0,7,3.71,22.0,966831.3494427698,160998.34944276977
Jordan Oesterle,775000.0,4,1.44,32.0,1161506.8993731937,386506.89937319374
Tanner Laczynski,775000.0,1,0.84,27.0,808495.545215142,33495.54521514196
John Farinacci,775000.0,1,0.1,23.0,803594.5678606761,28594.567860676092
Josh Manson,4500000.0,15,2.07,33.0,3075381.113408547,-1424618.886591453
Brent Burns,1000000.0,29,7.11,39.0,3423157.055906537,2423157.055906537
Oliver Kapanen,925000.0,2,1.7,21.0,934688.9727650787,9688.972765078652
Connor Zary,3775000.0,27,14.09,23.0,3845285.9605737813,70285.96057378128
Esa Lindell,5250000.0,26,7.2,30.0,5234059.020500482,-15940.97949951794
Nathan Walker,775000.0,16,7.91,30.0,1717617.734110658,942617.734110658
Alexander Petrovic,775000.0,0,0.35,32.0,826541.5997363878,51541.59973638784
Connor Dewar,1100000.0,7,7.29,25.0,1496564.1061027092,396564.1061027092
Connor Bedard,950000.0,67,19.09,19.0,1909546.3992996032,959546.3992996032
Nic Dowd,3000000.0,27,13.92,34.0,3355603.623970462,355603.623970462
Sam Bennett,8000000.0,51,32.86,28.0,7486625.0197476195,-513374.9802523805
Jackson Blake,905833.0,34,23.35,21.0,1701906.3057638893,796073.3057638893
Jiri Kulich,886667.0,24,15.79,20.0,991702.2390184808,105035.23901848076
Cole Smith,1000000.0,12,8.56,29.0,1787728.5047486103,787728.5047486103
Juuso Parssinen,1250000.0,6,3.76,23.0,870420.7805273162,-379579.21947268385
Sam Carrick,1000000.0,20,10.43,32.0,1564973.951715523,564973.9517155229
Austin Watson,775000.0,3,1.15,33.0,1112228.2794603293,337228.27946032933
Pavel Buchnevich,8000000.0,57,21.31,29.0,6916683.9869922185,-1083316.0130077815
Casey Cizikas,2500000.0,17,11.71,33.0,2415747.5499339146,-84252.45006608544
Anthony Richard,775000.0,6,1.81,28.0,814928.1827628164,39928.18276281643
Vincent Trocheck,5625000.0,59,29.11,31.0,7675938.5678403545,2050938.5678403545
Artturi Lehkonen,4500000.0,45,27.54,29.0,4782705.893546428,282705.8935464276
Yakov Trenin,3500000.0,15,11.56,28.0,2609197.2662941567,-890802.7337058433
Zach Bogosian,1250000.0,16,2.46,34.0,2504678.203098139,1254678.2030981388
Sam Steel,2100000.0,25,8.6,26.0,2314249.838147603,214249.83814760298
Ryan McLeod,5000000.0,53,16.71,25.0,5252877.996792107,252877.9967921069
Andrei Kuzmenko,4300000.0,17,11.4,28.0,4103103.575546618,-196896.42445338191
Jake Lucchini,775000.0,0,0.13,29.0,804480.6611169359,29480.661116935895
Matt Duchene,4500000.0,82,21.23,34.0,6474796.648437797,1974796.648437797
Brendan Smith,1000000.0,6,1.81,35.0,1122626.530807463,122626.53080746299
Cody Ceci,4500000.0,9,3.5,31.0,3960682.9816015386,-539317.0183984614
Nolan Allan,825000.0,8,1.04,21.0,868309.519405686,43309.51940568595
Vladislav Gavrikov,7000000.0,30,5.98,29.0,5915329.422738898,-1084670.5772611024
Nathan MacKinnon,12600000.0,116,29.52,29.0,9890638.51935227,-2709361.4806477297
Elias Pettersson,11600000.0,45,13.01,26.0,9627570.326024482,-1972429.673975518
Pontus Holmberg,1550000.0,19,10.36,25.0,1546391.066497945,-3608.933502055006
Mitch Marner,12000000.0,102,23.73,27.0,9977645.541745754,-2022354.458254246
Elias Pettersson,11600000.0,45,1.14,26.0,9733003.471565623,-1866996.5284343772
Tyson Barrie,1250000.0,3,0.57,33.0,1230560.9042047889,-19439.09579521115
Kevin Rooney,1300000.0,10,6.73,31.0,1878078.6028696536,578078.6028696536
Brock Boeser,7250000.0,50,19.05,27.0,6265250.482452619,-984749.5175473811
Kyle Capobianco,775000.0,0,0.01,27.0,793725.0676137997,18725.067613799707
Yanni Gourde,2333333.0,17,13.12,33.0,2423965.4796231724,90632.47962317243
Zach Whitecloud,2750000.0,13,3.12,28.0,3145620.8058470166,395620.8058470166
Bo Horvat,8500000.0,57,26.33,29.0,7328181.062169042,-1171818.9378309576
Justin Dowling,775000.0,7,4.49,34.0,1332730.9574993453,557730.9574993453
Andreas Englund,775000.0,2,0.49,29.0,1535599.9622348114,760599.9622348114
Owen Beck,853333.0,1,0.94,20.0,888506.8554657657,35173.85546576569
Marc McLaughlin,775000.0,1,1.97,25.0,812606.3725410646,37606.37254106463
Justin Brazeau,1500000.0,2,12.76,26.0,1866788.8124091462,366788.8124091462
Brady Skjei,7000000.0,33,7.5,30.0,6829719.587264573,-170280.4127354268
Landon Slaggert,900000.0,6,5.21,22.0,938601.1236754562,38601.123675456154
David Gustafsson,835000.0,6,3.94,24.0,901574.5354781293,66574.53547812928
Keaton Middleton,775000.0,2,1.55,26.0,956646.5264315107,181646.5264315107
Justin Faulk,6500000.0,32,6.01,32.0,5988371.569092499,-511628.4309075009
Shea Theodore,7425000.0,57,7.36,29.0,8138750.209553635,713750.2095536347
Henri Jokiharju,3000000.0,6,1.97,25.0,917110.2770630708,-2082889.7229369292
Daemon Hunt,775000.0,0,0.05,22.0,829998.7032833776,54998.703283377574
Filip Forsberg,8500000.0,76,32.29,30.0,8030902.793621225,-469097.2063787747
Tage Thompson,7142857.0,72,24.46,27.0,7432909.094243887,290052.0942438869
Sam Morton,775000.0,1,0.26,,792550.9232947624,17550.923294762382
Nazem Kadri,7000000.0,67,28.45,34.0,7264696.476380522,264696.47638052236
Oliver Wahlstrom,1000000.0,4,4.07,24.0,976910.3352529039,-23089.664747096132
Philip Tomasino,1750000.0,1,10.6,23.0,1970617.6961322785,220617.69613227854
Isaak Phillips,812500.0,1,0.1,23.0,821195.30184518,8695.301845179987
Kevin Korchinski,918333.0,2,0.59,20.0,896224.6092984547,-22108.390701545286
Martin Pospisil,1000000.0,25,13.38,25.0,2009808.8250615615,1009808.8250615615
Bobby Brink,1500000.0,41,14.02,23.0,2734886.9918235247,1234886.9918235247
Liam O'Brien,1000000.0,2,4.63,30.0,1137159.649110006,137159.64911000594
Ryan Graves,4500000.0,4,1.39,29.0,2967933.6772338585,-1532066.3227661415
Ryan McDonagh,6750000.0,31,4.31,35.0,5802456.263547854,-947543.7364521464
Max Pacioretty,1500000.0,13,8.84,36.0,2192173.9751800047,692173.9751800047
Callahan Burke,775000.0,1,1.59,27.0,932761.6234782882,157761.62347828818
Ryan Strome,5000000.0,41,19.16,31.0,4470946.547025728,-529053.452974272
Frederic Brunet,860000.0,0,0.05,21.0,874620.2027816449,14620.202781644883
Brayden Point,9500000.0,82,31.02,28.0,8597767.189339325,-902232.8106606752
Garnet Hathaway,2400000.0,21,8.72,33.0,2363509.525937419,-36490.47406258108
Max Sasson,775000.0,7,3.39,24.0,1200034.1843750144,425034.1843750144
Shane Bowers,775000.0,0,0.05,25.0,793371.6063239863,18371.606323986314
James Malatesta,841667.0,0,0.05,21.0,865797.760305606,24130.760305605945
Cutter Gauthier,950000.0,44,18.46,21.0,1157129.72087013,207129.72087013
Joel Kiviranta,1250000.0,23,12.9,28.0,2022257.1767353308,772257.1767353308
Anthony Beauvillier,2750000.0,5,19.42,27.0,3013651.110408674,263651.110408674
Ryan Leonard,950000.0,1,2.13,20.0,914946.0281324732,-35053.971867526765
Yegor Chinakhov,2100000.0,15,6.48,23.0,2011442.9941146956,-88557.00588530442
Jack Quinn,3375000.0,39,13.02,23.0,3469053.5987963313,94053.59879633132
Rasmus Dahlin,11000000.0,68,13.27,24.0,6700858.757315133,-4299141.242684867
Macklin Celebrini,975000.0,63,23.32,18.0,1469442.6805555557,494442.68055555574
Nick DeSimone,800000.0,6,1.18,30.0,1022750.4786894575,222750.47868945752
Mikael Pyyhtia,775000.0,7,2.78,23.0,991366.4442714745,216366.4442714745
Kyle Connor,7142857.0,97,30.19,28.0,8269259.295145758,1126402.2951457584
Vince Dunn,7350000.0,39,7.09,28.0,6982368.7832950195,-367631.21670498047
Nicholas Robertson,1825000.0,22,10.61,23.0,1873270.581171587,48270.58117158711
Kent Johnson,1800000.0,57,14.44,22.0,3306322.2616204442,1506322.2616204442
Corey Perry,2000000.0,30,17.14,39.0,2877809.1880234974,877809.1880234974
Ty Smith,775000.0,2,0.88,24.0,805656.7010911185,30656.701091118506
Tobias Bjornfot,775000.0,0,0.74,23.0,820579.2341892375,45579.23418923747
Brandon Carlo,4100000.0,3,3.3,28.0,3142170.6686092047,-957829.3313907953
Jean-Gabriel Pageau,5000000.0,42,20.58,32.0,4442421.983955153,-557578.0160448467
Jimmy Snuggerud,950000.0,4,1.78,20.0,915309.8962802545,-34690.10371974553
Reese Johnson,775000.0,0,0.14,26.0,792316.8388607565,17316.838860756485
Quinton Byfield,6250000.0,54,22.09,22.0,4922013.96442098,-1327986.0355790202
Travis Boyd,775000.0,0,0.07,31.0,1134264.1827574363,359264.1827574363
Jordan Greenway,4000000.0,8,5.14,27.0,2607341.556205654,-1392658.443794346
Zayne Parekh,942500.0,1,0.1,18.0,908573.2546072663,-33926.74539273372
Claude Giroux,2000000.0,50,14.07,37.0,5334522.071608304,3334522.071608304
Oliver Bjorkstrand,5400000.0,37,16.86,29.0,4665870.548161057,-734129.4518389432
Carl Grundstrom,1800000.0,9,7.5,27.0,1681480.0380503023,-118519.9619496977
Aydar Suniev,923333.0,0,0.11,20.0,900029.5979141642,-23303.402085835813
Isak Rosen,894167.0,1,0.4,21.0,875385.4515106342,-18781.548489365843
William Nylander,11500000.0,84,31.18,28.0,10050257.67108953,-1449742.32891047
Haydn Fleury,950000.0,7,1.23,28.0,1510228.988906719,560228.988906719
Brad Lambert,886667.0,1,0.15,21.0,874679.2306153874,-11987.769384612562
Jonatan Berggren,1825000.0,24,11.48,24.0,2451511.098613562,626511.0986135621
Scott Morrow,916667.0,6,1.13,22.0,924566.984406783,7899.984406783013
Jack Finley,775000.0,0,0.06,22.0,824896.4362858841,49896.43628588412
Scott Mayfield,3500000.0,9,2.6,32.0,3271816.101448384,-228183.8985516159
Mike Reilly,1100000.0,2,1.1,31.0,1303639.9880885088,203639.98808850884
Robby Fabbri,4000000.0,16,7.91,29.0,1888355.2031430707,-2111644.7968569295
Isac Lundestrom,1300000.0,15,8.62,25.0,1650344.4764274836,350344.4764274836
Oliver Ekman-Larsson,3500000.0,29,5.64,33.0,4769762.619517475,1269762.6195174754
Alex Turcotte,775000.0,25,11.96,23.0,2401740.970064872,1626740.970064872
Ryan O'Reilly,4500000.0,53,28.75,33.0,5796778.554629487,1296778.554629487
Fraser Minten,816667.0,4,3.28,20.0,1386863.6320911846,570196.6320911846
Nico Hischier,7250000.0,69,35.06,26.0,7604509.313427852,354509.31342785154
Philipp Kurashev,1200000.0,14,6.4,25.0,1788006.8942646477,588006.8942646477
Jayden Struble,1412500.0,13,1.56,23.0,1367811.9171036778,-44688.082896322245
William Carrier,2000000.0,11,8.39,30.0,2111650.647998898,111650.64799889782
Ethen Frank,775000.0,7,2.91,26.0,1106818.8296643202,331818.8296643202
Ryan Johnson,775000.0,0,0.53,23.0,803239.9362940781,28239.93629407813
Nick Seeler,2700000.0,20,4.03,31.0,3632467.327035602,932467.3270356022
Jack St. Ivany,775000.0,1,0.41,25.0,885312.9582667993,110312.95826679934
Oskar Sundqvist,1500000.0,20,7.77,30.0,1961248.4025637775,461248.4025637775
Brett Kulak,2750000.0,25,6.56,31.0,4328522.95991119,1578522.95991119
Andre Lee,775000.0,3,3.06,24.0,869420.1243526419,94420.12435264187
Seamus Casey,950000.0,8,0.45,21.0,942701.8341709203,-7298.165829079691
Vinnie Hinostroza,775000.0,8,8.92,30.0,1379192.3471038833,604192.3471038833
Cole Perfetti,3250000.0,50,20.2,23.0,4383295.477449861,1133295.4774498614
Jonas Rondbjerg,775000.0,0,0.71,25.0,793303.2804261463,18303.280426146346
Cody Glass,2500000.0,7,10.08,25.0,2110028.0139700472,-389971.98602995276
Jacob Gaucher,872500.0,0,0.43,23.0,804410.014649754,-68089.98535024596
Andre Burakovsky,5500000.0,37,11.77,29.0,4651013.079344366,-848986.9206556343
Chris Kreider,6500000.0,30,24.52,33.0,5217332.640127635,-1282667.3598723654
Gustav Forsling,5750000.0,31,7.49,28.0,5955187.952554902,205187.95255490206
Dylan McIlrath,800000.0,2,0.5,32.0,902702.5369246842,102702.53692468419
Lawson Crouse,4300000.0,18,15.95,27.0,3358370.810514176,-941629.1894858242
Kevin Hayes,7142857.0,23,13.31,32.0,5212984.768404853,-1929872.2315951474
Vladislav Namestnikov,3000000.0,38,17.23,32.0,4235333.355938344,1235333.3559383443
Owen Sillinger,775000.0,0,0.0,27.0,792976.6739773445,17976.67397734453
Mattias Janmark,1450000.0,18,8.89,32.0,1765317.108463278,315317.10846327804
Nikita Nesterenko,787500.0,6,2.84,23.0,844351.6558387693,56851.65583876928
Braden Schneider,2200000.0,21,3.75,23.0,3339530.816145565,1139530.816145565
Henry Thrun,1000000.0,12,1.57,23.0,1210725.6867018503,210725.68670185027
Uvis Balinskis,850000.0,18,3.84,28.0,2873213.2363834297,2023213.2363834297
Adam Boqvist,850000.0,8,2.49,24.0,1259551.8876694038,409551.8876694038
John Carlson,8000000.0,51,9.48,35.0,7834467.382035321,-165532.61796467938
Jacob Melanson,826111.0,0,0.0,21.0,874684.8475200688,48573.84752006875
Matt Roy,5750000.0,24,4.62,29.0,5356085.349059325,-393914.6509406753
Matt Martin,775000.0,2,2.34,35.0,1274271.4074445828,499271.4074445828
Troy Terry,7000000.0,55,24.45,27.0,6825745.717752797,-174254.2822472034
Thomas Chabot,8000000.0,45,8.45,28.0,8204285.365296005,204285.36529600527
Daniel Sprong,975000.0,3,3.55,27.0,1195698.703099324,220698.7030993239
Vinni Lettieri,775000.0,5,5.53,29.0,935756.4631488275,160756.46314882755
Ross Johnston,1100000.0,4,1.52,30.0,1292132.886557724,192132.8865577241
Jack Thompson,800000.0,10,1.6,22.0,1187866.4760032257,387866.47600322566
Rasmus Kupari,1000000.0,8,5.93,24.0,1114040.1401917946,114040.1401917946
Conor Sheary,2000000.0,0,0.83,32.0,1413543.530156905,-586456.4698430949
Conor Garland,4950000.0,50,22.51,28.0,6012190.3339015655,1062190.3339015655
Brad Marchand,5250000.0,4,29.24,36.0,4975963.302669549,-274036.69733045064
Sam Colangelo,850000.0,12,6.31,23.0,1336187.5024419068,486187.50244190684
Drake Caggiula,775000.0,1,0.36,30.0,931180.6822496082,156180.68224960822
Dante Fabbro,4125000.0,0,3.24,26.0,2708454.1835702406,-1416545.8164297594
Ondrej Palat,6000000.0,28,13.44,33.0,4045132.507400086,-1954867.4925999139
Matt Rempe,975000.0,8,4.59,22.0,990344.8551875688,15344.855187568814
Oliver Moore,941667.0,4,0.33,20.0,911016.4785888515,-30650.521411148482
Ryan Ufko,925000.0,0,0.0,21.0,878622.8587586045,-46377.1412413955
Elmer Soderblom,1125000.0,11,6.25,23.0,1278199.058748357,153199.058748357
Sebastian Aho,9750000.0,74,24.86,27.0,9119808.00309304,-630191.9969069604
Tyler Bertuzzi,5500000.0,46,24.9,29.0,5079539.262766611,-420460.73723338917
Miro Heiskanen,8450000.0,25,7.35,25.0,7270563.908521993,-1179436.091478007
Caleb Jones,900000.0,0,0.1,27.0,799966.7886404503,-100033.21135954966
Anton Lundell,5000000.0,45,18.95,23.0,4294941.342707075,-705058.6572929248
Devin Kaplan,921667.0,0,0.0,21.0,877311.3479690339,-44355.65203096613
Emil Bemstrom,775000.0,1,0.96,25.0,795969.70105751,20969.701057509985
Nick Schmaltz,5850000.0,63,26.2,28.0,6963182.811708794,1113182.811708794
Taylor Hall,3166667.0,24,15.62,33.0,4125057.870204353,958390.8702043528
Kaapo Kakko,4525000.0,30,15.78,23.0,3981793.901550698,-543206.0984493019
Drew O'Connor,2500000.0,9,21.08,26.0,3335750.6095489794,835750.6095489794
Matthew Tkachuk,9500000.0,57,24.29,27.0,8845656.861636922,-654343.1383630782
Dylan DeMelo,4900000.0,19,3.01,31.0,4440458.303557655,-459541.69644234516
Andrei Svechnikov,7750000.0,48,25.59,24.0,6595197.341839803,-1154802.6581601966
Noel Acciari,2000000.0,12,11.18,33.0,2536770.4704506756,536770.4704506756
Julien Gauthier,775000.0,0,0.0,27.0,793363.0431863761,18363.043186376104
Teddy Blueger,1800000.0,26,13.86,30.0,2686718.79014489,886718.7901448901
Domenick Fensore,775000.0,0,0.18,23.0,803825.7938051233,28825.793805123307
Jonah Gadjovich,775000.0,4,5.27,26.0,1018473.3406324261,243473.3406324261
Nils Lundkvist,1250000.0,5,2.07,24.0,1061167.4115355602,-188832.58846443985
Drake Batherson,4975000.0,68,21.66,26.0,6160382.34745382,1185382.3474538196
Cole Caufield,7850000.0,70,29.21,24.0,7040629.02408977,-809370.9759102296
Alex Iafallo,3666667.0,31,14.49,31.0,3589907.05641886,-76759.94358114013
Logan O'Connor,2500000.0,21,11.96,28.0,2436195.006006868,-63804.99399313191
Fabian Zetterlund,4275000.0,36,22.85,25.0,4463439.75139276,188439.7513927603
Brock Nelson,7500000.0,13,22.21,33.0,6490520.675098846,-1009479.3249011543
Mikhail Sergachev,8500000.0,53,7.08,26.0,8644707.590290371,144707.59029037133
Luke Kunin,775000.0,18,16.64,27.0,2271511.8482934567,1496511.8482934567
Erik Cernak,5200000.0,21,3.06,27.0,4195129.960581929,-1004870.0394180706
Jamie Benn,1000000.0,49,17.97,35.0,5441248.873143872,4441248.873143872
Sam Malinski,1400000.0,15,4.42,26.0,2603236.115959873,1203236.115959873
Hendrix Lapierre,850000.0,8,2.99,22.0,909733.1780376313,59733.178037631325
Keegan Kolesar,2500000.0,30,11.12,27.0,3062270.906009769,562270.9060097691
Jonathan Marchessault,5500000.0,56,23.25,34.0,5948390.059734097,448390.05973409675
Brandon Saad,2000000.0,16,15.89,32.0,3483225.5560777322,1483225.5560777322
Reilly Smith,2000000.0,11,17.18,33.0,4451033.220642636,2451033.2206426356
Aaron Ekblad,6100000.0,33,5.95,28.0,5153177.677178853,-946822.3228211468
David Jiricek,918333.0,2,0.36,21.0,873343.4554236702,-44989.54457632976
Nikita Zadorov,5000000.0,22,5.44,29.0,4812704.582454082,-187295.41754591838
Dmitri Voronkov,4175000.0,47,25.7,24.0,4354437.388231626,179437.38823162578
Jaccob Slavin,6395955.0,27,7.27,30.0,6120002.57918421,-275952.4208157901
Cale Makar,9000000.0,92,20.33,26.0,8533971.763340898,-466028.23665910214
Brayden Pachal,1187500.0,12,2.22,25.0,2210318.9914921043,1022818.9914921043
Brett Pesce,5500000.0,17,4.33,30.0,4954742.74591019,-545257.25408981
Scott Sabourin,775000.0,0,0.0,32.0,1211105.3792866142,436105.37928661425
Philippe Myers,850000.0,5,1.51,28.0,1309886.7688559764,459886.7688559764
Dylan Duke,867500.0,1,0.12,21.0,885669.3276421307,18169.327642130665
Ben Jones,775000.0,0,2.04,25.0,874139.63956953,99139.63956953003
Noah Hanifin,7350000.0,39,6.76,28.0,7080192.157164543,-269807.84283545706
Travis Hamonic,1000000.0,7,2.7,34.0,2867865.745602404,1867865.7456024038
Alexandre Carrier,3750000.0,7,3.95,28.0,3223745.098086089,-526254.9019139111
Michael Carcone,775000.0,19,7.41,28.0,2048959.0790590153,1273959.0790590153
Sam Reinhart,8625000.0,81,36.77,29.0,8573267.2812097,-51732.71879030019
Jakub Lauko,787500.0,6,4.53,24.0,930098.4452966393,142598.44529663934
Nathan Clurman,775000.0,0,0.07,26.0,798755.4982823867,23755.49828238669
Rasmus Sandin,4600000.0,30,5.55,24.0,4806269.292658859,206269.29265885893
Matthew Poitras,870000.0,11,3.7,20.0,1498150.6729236618,628150.6729236618
Jakob Chychrun,9000000.0,47,12.44,26.0,8819926.196767697,-180073.8032323029
Taylor Raddysh,1500000.0,27,12.5,26.0,3384359.91235084,1884359.91235084
Matt Grzelcyk,2750000.0,40,3.52,31.0,4362035.371231551,1612035.3712315513
Luca Del Bel Belluz,860000.0,8,1.37,21.0,1119106.2617406566,259106.26174065657
Artem Zub,4600000.0,13,2.93,29.0,4115718.187869624,-484281.81213037623
Brandon Montour,7142857.0,41,15.79,30.0,6536113.788107476,-606743.2118925238
Joel Eriksson Ek,5250000.0,29,17.86,28.0,4105053.6029402153,-1144946.3970597847
Brian Dumoulin,4000000.0,16,3.91,33.0,3756367.5530207194,-243632.44697928056
Christian Fischer,1125000.0,0,3.73,27.0,1349642.4615045974,224642.46150459745
Blake Coleman,4900000.0,39,26.11,33.0,4581914.931788013,-318085.0682119867
Jordan Eberle,4750000.0,26,9.56,34.0,4572579.053061806,-177420.94693819433
Charlie Coyle,5250000.0,13,13.78,32.0,4205956.154938631,-1044043.8450613692
Brennan Othmann,863333.0,2,2.16,22.0,841364.6932548647,-21968.30674513534
Trevor Moore,4200000.0,40,19.42,29.0,4332331.285576172,132331.28557617217
Brady Tkachuk,8205714.0,55,36.7,25.0,7632220.54113856,-573493.4588614404
Valeri Nichushkin,6125000.0,34,18.68,29.0,4985216.744862055,-1139783.2551379446
Jaden Schwartz,5500000.0,49,30.07,32.0,5644102.567492191,144102.56749219075
Jeff Skinner,3000000.0,29,16.15,32.0,3854555.2516755783,854555.2516755783
Nathan Bastian,775000.0,10,7.42,27.0,2064887.1792814075,1289887.1792814075
Oskar Olausson,863333.0,0,0.09,22.0,832387.7291578822,-30945.27084211784
David Savard,3500000.0,15,2.01,34.0,3552068.4614725523,52068.46147255227
Mark Jankowski,800000.0,9,10.89,30.0,1860010.8635507533,1060010.8635507533
Rodrigo Abols,800000.0,5,3.59,29.0,936688.9368299326,136688.93682993262
Calum Ritchie,918333.0,1,1.9,20.0,901310.3144114418,-17022.685588558204
Ryan Shea,900000.0,5,0.8,27.0,1238099.900806367,338099.90080636693
Morgan Frost,4375000.0,12,16.06,25.0,3427561.916097485,-947438.083902515
Noah Philp,775000.0,2,1.57,26.0,801713.2201665554,26713.220166555373
Fedor Svechkov,925000.0,17,9.13,21.0,1173219.0267560547,248219.02675605472
Jake Evans,2850000.0,36,14.69,28.0,3140307.9375568195,290307.9375568195
Boone Jenner,3750000.0,19,12.59,31.0,2882139.66480891,-867860.3351910901
Jordan Harris,825000.0,5,0.54,24.0,977461.2171093852,152461.21710938518
Ville Heinola,800000.0,1,0.48,23.0,839942.9552041483,39942.95520414831
Nils Aman,825000.0,6,1.41,24.0,808453.7957419837,-16546.20425801631
Anthony Mantha,2500000.0,7,2.0,30.0,1508407.4280907693,-991592.5719092307
Samuel Bolduc,775000.0,0,0.0,24.0,820687.6750322835,45687.67503228353
Givani Smith,800000.0,0,0.35,26.0,793329.5068181737,-6670.493181826314
Miles Wood,2500000.0,8,6.83,29.0,1854006.9537170187,-645993.0462829813
Arber Xhekaj,1300000.0,6,2.87,24.0,1334177.5515282555,34177.551528255455
Noah Ostlund,886667.0,0,0.72,20.0,901817.0169586508,15150.016958650784
Kirby Dach,3362500.0,22,10.86,24.0,2369296.8544978704,-993203.1455021296
Erik Johnson,1000000.0,2,1.54,36.0,1337474.5750992368,337474.5750992368
John Ludvig,775000.0,2,0.41,24.0,799134.1268231274,24134.126823127386
Frederick Gaudreau,2100000.0,37,10.88,31.0,2925821.828604739,825821.8286047392
Brenden Dillon,4000000.0,16,3.47,34.0,3840705.026588589,-159294.97341141105
Corey Schueneman,775000.0,0,0.14,29.0,831332.8390316289,56332.839031628915
Declan Chisholm,1600000.0,12,2.03,25.0,1825961.819898929,225961.81989892898
Dalibor Dvorsky,886667.0,0,0.06,19.0,897192.8514561707,10525.851456170669
Derek Ryan,900000.0,6,2.28,38.0,1771460.4074950237,871460.4074950237
Troy Stecher,787500.0,7,1.96,30.0,1531045.0014824795,743545.0014824795
Ethan Del Mastro,855833.0,6,0.89,22.0,855193.1375966086,-639.8624033913948
Dawson Mercer,4000000.0,36,23.91,23.0,4005860.578870105,5860.5788701050915
Barrett Hayton,2650000.0,46,30.51,24.0,3347928.4607383967,697928.4607383967
Wyatt Johnston,8400000.0,71,29.88,21.0,5376663.015781135,-3023336.9842188647
Alexey Toropchenko,1700000.0,18,9.64,25.0,1560936.940914483,-139063.05908551696
Robert Bortuzzo,775000.0,2,0.58,35.0,1345983.5784181238,570983.5784181238
Isaiah George,838333.0,5,0.82,20.0,931654.3107283073,93321.31072830735
Skyler Brind'Amour,775000.0,1,0.79,25.0,792873.5515451856,17873.55154518562
Zach Hyman,5500000.0,44,38.01,32.0,5463555.482020524,-36444.51797947567
Jacob Trouba,8000000.0,8,3.64,30.0,3019470.7089737616,-4980529.291026238
Tyler Motte,800000.0,9,8.5,29.0,2683794.8082967494,1883794.8082967494
Jack Drury,1725000.0,9,10.51,24.0,1715824.5399123065,-9175.46008769353
Ryan Hartman,4000000.0,26,18.28,30.0,4024519.685196538,24519.68519653799
Brandon Hagel,6500000.0,90,32.55,26.0,7629655.472997542,1129655.4729975415
Ryan Nugent-Hopkins,5125000.0,49,25.09,31.0,5827348.109810864,702348.1098108636
Connor McDavid,12500000.0,100,26.91,28.0,11067595.754078045,-1432404.2459219545
Jack Ahcan,775000.0,0,0.05,27.0,793500.7173577811,18500.717357781134
Simon Benoit,1350000.0,10,1.71,26.0,1941350.613312319,591350.6133123189
Nicolas Hague,5500000.0,12,3.59,26.0,3490035.621711406,-2009964.378288594
Kirill Kudryavtsev,825000.0,0,0.04,20.0,912152.5722560681,87152.57225606812
Cam Dineen,775000.0,0,0.39,26.0,812288.7865628441,37288.78656284406
Luke Glendening,800000.0,7,6.4,35.0,2548690.6217549024,1748690.6217549024
Arshdeep Bains,775000.0,1,1.24,24.0,803764.0620228306,28764.062022830592
Owen Pickering,886667.0,3,0.63,21.0,877209.7964999453,-9457.20350005466
Trevor van Riemsdyk,3000000.0,21,3.29,33.0,3767126.127216408,767126.127216408
Adam Edstrom,975000.0,9,7.11,24.0,1213110.4954267254,238110.49542672536
Brett Murray,775000.0,0,0.0,26.0,791566.818354776,16566.818354776013
Tyson Foerster,3750000.0,43,20.46,23.0,3991295.952214888,241295.95221488783
Lian Bichsel,918333.0,9,1.57,20.0,1028985.253153916,110652.25315391598
Jeff Petry,775000.0,8,1.72,37.0,1976446.7613979962,1201446.7613979962
Tanner Pearson,1000000.0,27,14.31,32.0,2455882.803271808,1455882.8032718082
Ivan Miroshnichenko,950000.0,4,2.99,20.0,910419.6467051494,-39580.35329485056
Arthur Kaliyev,775000.0,4,1.8,23.0,805653.3755701883,30653.375570188276
Drew Doughty,11000000.0,17,2.76,35.0,7111181.150598144,-3888818.849401856
Brett Leason,1050000.0,17,7.88,25.0,1365085.7126667975,315085.71266679745
Tyler Toffoli,6000000.0,54,27.36,32.0,6879250.968831425,879250.9688314246
Pierre Engvall,3000000.0,15,7.95,28.0,2162997.845941385,-837002.1540586152
Mattias Samuelsson,4285714.0,14,1.88,24.0,2470171.9562359275,-1815542.0437640725
Collin Graf,941667.0,11,4.23,22.0,1227717.8294870292,286050.82948702923
Travis Sanheim,6250000.0,30,11.3,28.0,5246018.247870323,-1003981.7521296768
Kaiden Guhle,5550000.0,18,3.45,23.0,4248040.958850775,-1301959.041149225
Mikael Backlund,4500000.0,32,18.84,35.0,3839224.829202333,-660775.170797667
Justin Kirkland,900000.0,8,1.31,28.0,1078093.7995877266,178093.7995877266
Ridly Greig,3250000.0,34,18.6,22.0,3124660.4769298923,-125339.52307010768
Walker Duehr,775000.0,1,2.04,27.0,863389.7835077868,88389.78350778681
Colin White,775000.0,0,0.41,28.0,792198.5896940767,17198.589694076683
Dylan Coghlan,775000.0,0,0.34,26.0,799345.7207839718,24345.720783971832
Jake DeBrusk,5500000.0,48,29.45,28.0,5959877.146007713,459877.14600771293
Will Smith,950000.0,45,13.46,19.0,1376043.7765684007,426043.7765684007
Lars Eller,1250000.0,15,11.81,35.0,2724384.894599097,1474384.8945990968
Mitchell Chaffee,800000.0,18,10.06,27.0,1592855.4600319862,792855.4600319862
Timothy Liljegren,3000000.0,17,4.85,25.0,3674738.6688082344,674738.6688082344
Jack Roslovic,2800000.0,39,17.06,28.0,4211735.979658432,1411735.9796584323
Nikolas Matinpalo,875000.0,4,1.88,26.0,1005534.4227048892,130534.4227048892
Matthew Highmore,775000.0,6,4.72,28.0,1169133.8170461806,394133.8170461806
Cameron Crotty,812500.0,0,0.0,25.0,819047.7882418482,6547.788241848233
Curtis Lazar,775000.0,5,2.84,29.0,1022559.5386994501,247559.5386994501
Aliaksei Protas,3375000.0,66,21.73,24.0,5160479.4470633045,1785479.4470633045
Connor Murphy,4400000.0,19,3.57,31.0,4352460.964335009,-47539.035664990544
Dylan Cozens,7100000.0,16,22.91,23.0,6264158.343961399,-835841.656038601
Liam Ohgren,886667.0,5,2.87,21.0,871478.4879670074,-15188.512032992556
Angus Crookshank,775000.0,1,1.18,25.0,797045.9764107015,22045.97641070152
Ivan Provorov,8500000.0,33,5.55,28.0,7192240.568905676,-1307759.4310943242
Dominic Toninato,850000.0,0,0.08,30.0,1001506.898235504,151506.89823550405
Sam Rinzel,941667.0,5,1.67,20.0,909240.3948782173,-32426.605121782748
Paul Cotter,775000.0,22,12.94,25.0,1859418.6734813887,1084418.6734813887
Bradly Nadeau,886667.0,1,0.46,19.0,896520.8693352207,9853.869335220661
Adam Klapka,1250000.0,10,4.84,24.0,1099774.6248471425,-150225.3751528575
Jake Christiansen,975000.0,8,1.75,25.0,978037.6667858146,3037.6667858145665
Ty Emberson,1300000.0,13,2.07,24.0,2499978.2146966835,1199978.2146966835
Marcus Johansson,800000.0,34,12.42,34.0,2716561.91557636,1916561.9155763602
Lucas Condotta,775000.0,1,0.69,27.0,793119.2865709974,18119.286570997443
Kevin Stenlund,2000000.0,28,12.47,28.0,2661652.4454443464,661652.4454443464
Ryker Evans,2050000.0,25,3.21,23.0,3163984.828536561,1113984.8285365612
Marc Del Gaizo,775000.0,9,3.31,25.0,1214851.9652688995,439851.96526889945
Rasmus Andersson,4550000.0,31,9.51,28.0,5455115.327994171,905115.3279941706
Ilya Mikheyev,4750000.0,34,16.3,30.0,4441511.791225737,-308488.20877426304
Grigori Denisenko,775000.0,0,0.05,24.0,796129.1222077255,21129.122207725537
Jack Johnson,775000.0,6,0.87,38.0,1942765.2630229525,1167765.2630229525
Sean Walker,3600000.0,16,8.75,30.0,3716929.3313481696,116929.3313481696
Hudson Fasching,775000.0,4,5.59,29.0,953423.6061465299,178423.6061465299
Jan Jenik,775000.0,0,0.0,24.0,795647.0118514335,20647.011851433548
Mathew Barzal,9150000.0,20,8.2,27.0,6504896.775010684,-2645103.2249893164
Viktor Arvidsson,4000000.0,27,16.18,31.0,3958692.3174864943,-41307.682513505686
Jesper Bratt,7875000.0,88,26.19,26.0,8032836.52136205,157836.52136205044
Michael Callahan,775000.0,1,0.26,25.0,814274.5544689402,39274.554468940245
Tomas Hertl,8137500.0,61,33.02,31.0,7913650.863201412,-223849.13679858763
Jason Polin,775000.0,0,0.11,25.0,794010.1684861509,19010.168486150913
Pius Suter,4125000.0,46,19.84,28.0,4302977.34106135,177977.34106134996
Jesper Boqvist,1500000.0,23,10.54,26.0,1952099.185460657,452099.1854606571
Mason Lohrei,3200000.0,33,6.36,24.0,4778410.215301068,1578410.2153010676
Mason Morelli,775000.0,0,0.0,28.0,795266.051034331,20266.051034330972
Colin Miller,1500000.0,15,2.92,32.0,2054902.017183389,554902.017183389
Brandon Duhaime,1850000.0,21,13.01,27.0,2127536.3301236443,277536.3301236443
Mats Zuccarello,4125000.0,54,15.66,37.0,5280564.724778903,1155564.7247789027
Neal Pionk,7000000.0,39,5.26,29.0,6735127.206723358,-264872.79327664245
Rafael Harvey-Pinard,775000.0,0,0.0,26.0,794140.4491959976,19140.449195997557
Maveric Lamoureux,886667.0,3,0.84,21.0,883944.136337455,-2722.863662544987
Urho Vaakanainen,1550000.0,1,2.02,26.0,1526493.2717826697,-23506.728217330296
Zachary L'Heureux,925000.0,15,11.74,21.0,1220407.4030941832,295407.4030941832
Max Domi,3750000.0,33,8.84,29.0,4246966.670160493,496966.6701604929
Jacob Bryson,900000.0,7,1.16,27.0,1358421.5274876005,458421.52748760046
Linus Karlsson,775000.0,6,5.84,25.0,928911.68064247,153911.68064247002
Brett Berard,867500.0,10,5.06,22.0,978223.4309858994,110723.43098589941
Kurtis MacDermid,1150000.0,0,0.91,30.0,1117412.8741663208,-32587.125833679223
Eetu Luostarinen,3000000.0,24,13.82,26.0,2766933.980870387,-233066.01912961295
Louis Crevier,900000.0,4,1.07,23.0,974548.1831587446,74548.18315874459
Justin Hryckowian,870000.0,1,0.19,23.0,804903.7552794461,-65096.24472055386
Klim Kostin,2000000.0,7,4.07,25.0,1116238.5236405302,-883761.4763594698
Mattias Ekholm,6250000.0,33,7.78,34.0,6589743.991443702,339743.991443702
Robert Thomas,8125000.0,81,16.88,25.0,7252153.866040355,-872846.1339596454
Jake Bean,1750000.0,7,2.82,26.0,1547699.4921043324,-202300.50789566757
Olen Zellweger,844167.0,20,6.59,21.0,1209716.7820667564,365549.7820667564
Cole Reinhardt,812500.0,2,1.4,24.0,806285.4457154364,-6214.554284563637
Moritz Seider,8550000.0,46,9.67,23.0,5765089.216872123,-2784910.783127877
Tyler Seguin,9850000.0,21,8.21,33.0,7778800.9074776415,-2071199.0925223585
Andrew Copp,5625000.0,23,12.34,30.0,4818861.954739022,-806138.0452609779
Mark Kastelic,1566667.0,14,6.23,25.0,1599550.153451971,32883.15345197101
Jack Hughes,8000000.0,70,25.43,23.0,7494774.92628187,-505225.07371812966
Jared Spurgeon,7575000.0,32,5.45,35.0,6454735.030937727,-1120264.9690622734
Jacob Moverare,775000.0,8,1.01,26.0,1015224.0414457327,240224.0414457327
Nico Sturm,2000000.0,13,6.83,29.0,1927808.4043834985,-72191.59561650152
Devin Shore,775000.0,5,4.19,30.0,2249416.749218884,1474416.749218884
Mavrik Bourque,950000.0,25,12.74,23.0,2132786.4563693143,1182786.4563693143
Jonathan Huberdeau,10500000.0,62,25.34,31.0,8696668.698145157,-1803331.3018548433
Alex Killorn,6250000.0,37,15.81,35.0,4330545.919983202,-1919454.0800167983
Mason McTavish,3425000.0,52,25.42,22.0,4038081.221319953,613081.221319953
Matvei Michkov,950000.0,63,23.65,20.0,2677836.29860944,1727836.2986094402
Logan Stankoven,814167.0,29,22.47,21.0,1340353.5478679647,526186.5478679647
Tomas Tatar,1800000.0,17,8.69,34.0,2021863.4458459157,221863.4458459157
William Lagesson,775000.0,1,0.1,28.0,797914.3030812651,22914.30308126507
Lukas Reichel,1200000.0,22,6.8,22.0,2948999.6548130754,1748999.6548130754
Alec Martinez,4000000.0,12,1.6,37.0,4214743.349870938,214743.34987093788
Gustav Nyquist,3250000.0,7,16.51,35.0,2845092.8706660145,-404907.1293339855
Ryan Lomberg,2000000.0,13,5.78,30.0,1768993.6278169795,-231006.37218302046
Adam Gaudette,2000000.0,26,11.85,28.0,3759393.816390866,1759393.816390866
Michael Milne,775000.0,0,0.0,22.0,831935.7138951069,56935.71389510692
Kevin Gravel,775000.0,1,0.2,32.0,904594.2805375584,129594.28053755837
Joakim Kemell,886667.0,0,0.6,20.0,900476.8657996622,13809.865799662191
Mason Appleton,2900000.0,22,10.88,29.0,2402107.0799695235,-497892.9200304765
Ryan Donato,4000000.0,62,20.68,28.0,5308722.760216207,1308722.7602162072
Alexander Kerfoot,3000000.0,28,16.23,30.0,3417459.443336798,417459.4433367979
Thomas Harley,4000000.0,50,9.84,23.0,4979686.304653094,979686.3046530942
Connor McMichael,2100000.0,57,26.65,24.0,3647303.16953416,1547303.1695341598
Nikita Chibrikov,875833.0,3,1.06,21.0,870670.3922781486,-5162.60772185144
Elias Lindholm,7750000.0,47,25.21,30.0,7544056.734939583,-205943.26506041735
Beck Malenstyn,1350000.0,10,7.04,26.0,1529221.9782060003,179221.9782060003
Adam Wilsby,775000.0,5,1.64,24.0,828321.6638308684,53321.663830868434
Dylan Guenther,7142857.0,60,23.81,21.0,5049253.398522218,-2093603.6014777822
Shane Wright,886667.0,44,17.16,21.0,1331010.775149892,444343.7751498921
Colton Parayko,6500000.0,36,7.89,31.0,6641468.944291482,141468.94429148175
Alexander Holtz,1775000.0,12,7.85,23.0,1578785.9712721652,-196214.0287278348
Kyle Palmieri,4750000.0,48,23.5,33.0,5400309.175295075,650309.1752950754
Frank Nazar,950000.0,26,13.26,21.0,1870335.2191495413,920335.2191495413
Yegor Sharangovich,5750000.0,32,17.75,26.0,5277196.886108395,-472803.1138916053
Chase Bradley,872500.0,0,0.0,23.0,808313.1874008602,-64186.812599139754
Alex DeBrincat,7875000.0,70,32.1,27.0,7519190.010802679,-355809.98919732124
Roope Hintz,8450000.0,67,27.45,28.0,7872395.784902024,-577604.2150979759
Pavel Dorofeyev,1835000.0,52,28.05,24.0,3569843.7491623466,1734843.7491623466
Jordan Martinook,3050000.0,36,18.83,32.0,4194277.615011728,1144277.615011728
Jimmy Schuldt,775000.0,0,0.12,29.0,793406.7648746979,18406.764874697896
Joseph LaBate,775000.0,1,0.38,31.0,1212347.3643579588,437347.3643579588
Jared McCann,5000000.0,61,22.73,28.0,6616412.162939337,1616412.162939337
Alex Steeves,850000.0,2,0.85,25.0,809007.6846886086,-40992.31531139137
Nick Bjugstad,1750000.0,19,12.02,32.0,2589106.543487739,839106.5434877388
Kiefer Sherwood,1500000.0,40,12.07,29.0,2830973.2277848152,1330973.2277848152
Nikita Grebenkin,875000.0,0,0.64,21.0,870725.5264243735,-4274.4735756265
Dougie Hamilton,9000000.0,40,12.29,31.0,7564529.654725516,-1435470.3452744838
Nicolas Deslauriers,1750000.0,3,3.59,33.0,1398098.502196713,-351901.4978032871
Jaycob Megna,800000.0,0,0.19,32.0,1005560.4124260257,205560.41242602572
Logan Stanley,1250000.0,14,1.74,26.0,1902937.1675484183,652937.1675484183
Michael Amadio,2600000.0,27,13.32,28.0,2654479.861064821,54479.861064821016
Dryden Hunt,825000.0,3,0.58,29.0,807199.4624738432,-17800.537526156753
Matt Boldy,7000000.0,73,33.7,23.0,6813526.8592649745,-186473.14073502552
Kieffer Bellows,775000.0,4,2.69,26.0,823430.4729846545,48430.47298465448
Riley Tufte,775000.0,0,0.03,26.0,793031.9554417682,18031.955441768165
Ilya Solovyov,775000.0,1,0.08,24.0,805261.3025363509,30261.302536350908
Andreas Athanasiou,4250000.0,1,1.01,30.0,2450243.5213336046,-1799756.4786663954
Noah Gregor,850000.0,1,5.57,26.0,944838.5467684062,94838.54676840617
Erik Brannstrom,900000.0,8,1.07,25.0,940013.0150297408,40013.01502974075
Ian Mitchell,775000.0,1,0.47,26.0,929725.7013706369,154725.70137063693
Zack Ostapchuk,825000.0,0,3.47,21.0,1026542.0094147618,201542.0094147618
Pavel Zacha,4750000.0,47,20.95,27.0,5070652.9480666565,320652.9480666565
William Karlsson,5900000.0,29,13.43,32.0,4213129.520351224,-1686870.4796487764
Adam Fox,9500000.0,61,12.52,26.0,8318090.647970646,-1181909.3520293543
Liam Foudy,775000.0,0,0.1,24.0,812909.6848661592,37909.68486615922
Noah Dobson,9500000.0,39,9.54,25.0,8131730.35930947,-1368269.6406905297
Sean Kuraly,1850000.0,17,10.28,32.0,1835053.388221896,-14946.61177810398
Conor Timmins,2200000.0,7,3.04,26.0,1507512.987610276,-692487.0123897239
Marco Kasper,886667.0,37,19.4,20.0,1150237.43774993,263570.43774992996
Jonny Brodzinski,787500.0,19,7.79,31.0,1885082.3651725845,1097582.3651725845
Johnathan Kovacevic,4000000.0,17,3.8,27.0,4067424.8921017256,67424.89210172556
Vladimir Tarasenko,4750000.0,33,15.46,33.0,4384627.822026294,-365372.1779737063
Bowen Byram,6250000.0,38,8.81,23.0,5540264.683440618,-709735.3165593818
Phillip Danault,5500000.0,43,15.06,31.0,5805288.755391701,305288.7553917011
Carter Verhaeghe,7000000.0,53,28.59,29.0,7629452.773899356,629452.7738993559
JJ Peterka,7700000.0,68,21.93,23.0,7112598.318062233,-587401.6819377672
Alex Laferriere,4100000.0,42,21.98,23.0,3629117.7195193325,-470882.2804806675
Joel Armia,2500000.0,29,13.42,31.0,2624359.7954090666,124359.7954090666
Cole Koepke,1000000.0,17,11.43,26.0,1529736.7447386447,529736.7447386447
Filip Chytil,4437500.0,6,14.28,25.0,2510706.5868849205,-1926793.4131150795
Mika Zibanejad,8500000.0,62,24.53,31.0,7821447.188688537,-678552.8113114629
Adam Larsson,5250000.0,28,6.58,32.0,4879210.156976208,-370789.8430237919
Darnell Nurse,9250000.0,33,7.96,29.0,7560644.861974014,-1689355.138025986
Steven Santini,775000.0,0,0.04,29.0,799410.3973293543,24410.39732935431
Georgii Merkulov,775000.0,1,0.85,24.0,814984.817470127,39984.81747012702
Ryan Lindgren,4500000.0,3,3.72,26.0,1376554.0237017265,-3123445.9762982735
Ethan Cardwell,867500.0,1,0.5,22.0,833452.09626967,-34047.90373033006
Kirill Marchenko,3850000.0,74,20.45,24.0,5535973.614798255,1685973.6147982553
Quinn Hughes,7850000.0,76,8.9,25.0,8054944.168295742,204944.168295742
Max Jones,1000000.0,2,2.15,26.0,830309.9838839199,-169690.0161160801
Emil Andrae,903333.0,7,3.23,22.0,1173125.6586913492,269792.6586913492
Connor Clifton,3333333.0,16,3.32,29.0,3657630.95379611,324297.9537961101
Guillaume Brisebois,775000.0,0,0.07,27.0,794196.2394164806,19196.239416480646
Eric Robinson,1700000.0,32,17.58,29.0,3591645.0129153957,1891645.0129153957
Radek Faksa,2000000.0,15,6.64,31.0,1770305.5380279073,-229694.46197209274
Riley Stillman,775000.0,0,0.08,26.0,794909.545269187,19909.545269186958
William Eklund,863333.0,58,22.93,22.0,2960526.616578398,2097193.616578398
Rutger McGroarty,950000.0,3,1.36,20.0,906540.5444364807,-43459.45556351927
Jason Zucker,4750000.0,53,23.61,33.0,5498763.149983389,748763.1499833893
Kasperi Kapanen,1300000.0,1,5.73,28.0,1126880.3703537032,-173119.62964629685
